STRUCTURE,STRUCTURE_ID,STRUCTURE_NAME,ACTION,REF_AREA,Reference area,FREQ,Frequency of observation,MEASURE,Measure,UNIT_MEASURE,Unit of measure,INSURANCE_TYPE,Insurance type,TIME_PERIOD,Time period,OBS_VALUE,Observation value,OBS_STATUS,Observation status,UNIT_MULT,Unit multiplier,DECIMALS,Decimals
DATAFLOW,OECD.ELS.HD:DSD_HEALTH_PROT@DF_HEALTH_PROT(1.0),Healthcare coverage,I,NLD,Netherlands,A,Annual,HIC,Health insurance coverage,PT_POP,Percentage of population,TPRIBASI,Public and primary voluntary health insurance,2015,,99.8,,E,Estimated value,0,Units,,
DATAFLOW,OECD.ELS.HD:DSD_HEALTH_PROT@DF_HEALTH_PROT(1.0),Healthcare coverage,I,NLD,Netherlands,A,Annual,HIC,Health insurance coverage,PT_POP,Percentage of population,TPRIBASI,Public and primary voluntary health insurance,2016,,99.9,,E,Estimated value,0,Units,,
DATAFLOW,OECD.ELS.HD:DSD_HEALTH_PROT@DF_HEALTH_PROT(1.0),Healthcare coverage,I,NLD,Netherlands,A,Annual,HIC,Health insurance coverage,PT_POP,Percentage of population,TPRIBASI,Public and primary voluntary health insurance,2017,,99.9,,E,Estimated value,0,Units,,
DATAFLOW,OECD.ELS.HD:DSD_HEALTH_PROT@DF_HEALTH_PROT(1.0),Healthcare coverage,I,EST,Estonia,A,Annual,HIC,Health insurance coverage,PT_POP,Percentage of population,COVGCMED,Government/compulsory health insurance,2015,,94,,A,Normal value,0,Units,,
DATAFLOW,OECD.ELS.HD:DSD_HEALTH_PROT@DF_HEALTH_PROT(1.0),Healthcare coverage,I,EST,Estonia,A,Annual,HIC,Health insurance coverage,PT_POP,Percentage of population,COVGCMED,Government/compulsory health insurance,2016,,94,,A,Normal value,0,Units,,
DATAFLOW,OECD.ELS.HD:DSD_HEALTH_PROT@DF_HEALTH_PROT(1.0),Healthcare coverage,I,EST,Estonia,A,Annual,HIC,Health insurance coverage,PT_POP,Percentage of population,COVGCMED,Government/compulsory health insurance,2017,,94.1,,A,Normal value,0,Units,,
DATAFLOW,OECD.ELS.HD:DSD_HEALTH_PROT@DF_HEALTH_PROT(1.0),Healthcare coverage,I,MEX,Mexico,A,Annual,HIC,Health insurance coverage,PT_POP,Percentage of population,TPRIBASI,Public and primary voluntary health insurance,2015,,92.3,,E,Estimated value,0,Units,,
DATAFLOW,OECD.ELS.HD:DSD_HEALTH_PROT@DF_HEALTH_PROT(1.0),Healthcare coverage,I,MEX,Mexico,A,Annual,HIC,Health insurance coverage,PT_POP,Percentage of population,TPRIBASI,Public and primary voluntary health insurance,2016,,89.8,,E,Estimated value,0,Units,,
DATAFLOW,OECD.ELS.HD:DSD_HEALTH_PROT@DF_HEALTH_PROT(1.0),Healthcare coverage,I,MEX,Mexico,A,Annual,HIC,Health insurance coverage,PT_POP,Percentage of population,TPRIBASI,Public and primary voluntary health insurance,2017,,89.3,,E,Estimated value,0,Units,,
DATAFLOW,OECD.ELS.HD:DSD_HEALTH_PROT@DF_HEALTH_PROT(1.0),Healthcare coverage,I,FIN,Finland,A,Annual,HIC,Health insurance coverage,PT_POP,Percentage of population,TPRIBASI,Public and primary voluntary health insurance,2015,,100,,A,Normal value,0,Units,,
DATAFLOW,OECD.ELS.HD:DSD_HEALTH_PROT@DF_HEALTH_PROT(1.0),Healthcare coverage,I,FIN,Finland,A,Annual,HIC,Health insurance coverage,PT_POP,Percentage of population,TPRIBASI,Public and primary voluntary health insurance,2016,,100,,A,Normal value,0,Units,,
DATAFLOW,OECD.ELS.HD:DSD_HEALTH_PROT@DF_HEALTH_PROT(1.0),Healthcare coverage,I,FIN,Finland,A,Annual,HIC,Health insurance coverage,PT_POP,Percentage of population,TPRIBASI,Public and primary voluntary health insurance,2017,,100,,A,Normal value,0,Units,,
DATAFLOW,OECD.ELS.HD:DSD_HEALTH_PROT@DF_HEALTH_PROT(1.0),Healthcare coverage,I,FIN,Finland,A,Annual,HIC,Health insurance coverage,PT_POP,Percentage of population,COVGCMED,Government/compulsory health insurance,2015,,100,,A,Normal value,0,Units,,
DATAFLOW,OECD.ELS.HD:DSD_HEALTH_PROT@DF_HEALTH_PROT(1.0),Healthcare coverage,I,FIN,Finland,A,Annual,HIC,Health insurance coverage,PT_POP,Percentage of population,COVGCMED,Government/compulsory health insurance,2016,,100,,A,Normal value,0,Units,,
DATAFLOW,OECD.ELS.HD:DSD_HEALTH_PROT@DF_HEALTH_PROT(1.0),Healthcare coverage,I,FIN,Finland,A,Annual,HIC,Health insurance coverage,PT_POP,Percentage of population,COVGCMED,Government/compulsory health insurance,2017,,100,,A,Normal value,0,Units,,
DATAFLOW,OECD.ELS.HD:DSD_HEALTH_PROT@DF_HEALTH_PROT(1.0),Healthcare coverage,I,MEX,Mexico,A,Annual,HIC,Health insurance coverage,PT_POP,Percentage of population,COVGCMED,Government/compulsory health insurance,2015,,92.3,,E,Estimated value,0,Units,,
DATAFLOW,OECD.ELS.HD:DSD_HEALTH_PROT@DF_HEALTH_PROT(1.0),Healthcare coverage,I,MEX,Mexico,A,Annual,HIC,Health insurance coverage,PT_POP,Percentage of population,COVGCMED,Government/compulsory health insurance,2016,,89.8,,E,Estimated value,0,Units,,
DATAFLOW,OECD.ELS.HD:DSD_HEALTH_PROT@DF_HEALTH_PROT(1.0),Healthcare coverage,I,MEX,Mexico,A,Annual,HIC,Health insurance coverage,PT_POP,Percentage of population,COVGCMED,Government/compulsory health insurance,2017,,89.3,,E,Estimated value,0,Units,,
DATAFLOW,OECD.ELS.HD:DSD_HEALTH_PROT@DF_HEALTH_PROT(1.0),Healthcare coverage,I,USA,United States,A,Annual,HIC,Health insurance coverage,PT_POP,Percentage of population,COVGCMED,Government/compulsory health insurance,2015,,35.6,,A,Normal value,0,Units,,
DATAFLOW,OECD.ELS.HD:DSD_HEALTH_PROT@DF_HEALTH_PROT(1.0),Healthcare coverage,I,USA,United States,A,Annual,HIC,Health insurance coverage,PT_POP,Percentage of population,COVGCMED,Government/compulsory health insurance,2016,,36.3,,A,Normal value,0,Units,,
DATAFLOW,OECD.ELS.HD:DSD_HEALTH_PROT@DF_HEALTH_PROT(1.0),Healthcare coverage,I,USA,United States,A,Annual,HIC,Health insurance coverage,PT_POP,Percentage of population,COVGCMED,Government/compulsory health insurance,2017,,35.9,,A,Normal value,0,Units,,
DATAFLOW,OECD.ELS.HD:DSD_HEALTH_PROT@DF_HEALTH_PROT(1.0),Healthcare coverage,I,NZL,New Zealand,A,Annual,HIC,Health insurance coverage,PT_POP,Percentage of population,TPRIBASI,Public and primary voluntary health insurance,2015,,100,,A,Normal value,0,Units,,
DATAFLOW,OECD.ELS.HD:DSD_HEALTH_PROT@DF_HEALTH_PROT(1.0),Healthcare coverage,I,NZL,New Zealand,A,Annual,HIC,Health insurance coverage,PT_POP,Percentage of population,TPRIBASI,Public and primary voluntary health insurance,2016,,100,,A,Normal value,0,Units,,
DATAFLOW,OECD.ELS.HD:DSD_HEALTH_PROT@DF_HEALTH_PROT(1.0),Healthcare coverage,I,NZL,New Zealand,A,Annual,HIC,Health insurance coverage,PT_POP,Percentage of population,TPRIBASI,Public and primary voluntary health insurance,2017,,100,,A,Normal value,0,Units,,
DATAFLOW,OECD.ELS.HD:DSD_HEALTH_PROT@DF_HEALTH_PROT(1.0),Healthcare coverage,I,LUX,Luxembourg,A,Annual,HIC,Health insurance coverage,PT_POP,Percentage of population,COVGCMED,Government/compulsory health insurance,2017,,100,,A,Normal value,0,Units,,
DATAFLOW,OECD.ELS.HD:DSD_HEALTH_PROT@DF_HEALTH_PROT(1.0),Healthcare coverage,I,NLD,Netherlands,A,Annual,HIC,Health insurance coverage,PT_POP,Percentage of population,COVGCMED,Government/compulsory health insurance,2015,,99.8,,E,Estimated value,0,Units,,
DATAFLOW,OECD.ELS.HD:DSD_HEALTH_PROT@DF_HEALTH_PROT(1.0),Healthcare coverage,I,NLD,Netherlands,A,Annual,HIC,Health insurance coverage,PT_POP,Percentage of population,COVGCMED,Government/compulsory health insurance,2016,,99.9,,E,Estimated value,0,Units,,
DATAFLOW,OECD.ELS.HD:DSD_HEALTH_PROT@DF_HEALTH_PROT(1.0),Healthcare coverage,I,NLD,Netherlands,A,Annual,HIC,Health insurance coverage,PT_POP,Percentage of population,COVGCMED,Government/compulsory health insurance,2017,,99.9,,E,Estimated value,0,Units,,
DATAFLOW,OECD.ELS.HD:DSD_HEALTH_PROT@DF_HEALTH_PROT(1.0),Healthcare coverage,I,FRA,France,A,Annual,HIC,Health insurance coverage,PT_POP,Percentage of population,TPRIBASI,Public and primary voluntary health insurance,2015,,99.9,,A,Normal value,0,Units,,
DATAFLOW,OECD.ELS.HD:DSD_HEALTH_PROT@DF_HEALTH_PROT(1.0),Healthcare coverage,I,FRA,France,A,Annual,HIC,Health insurance coverage,PT_POP,Percentage of population,TPRIBASI,Public and primary voluntary health insurance,2016,,99.9,,A,Normal value,0,Units,,
DATAFLOW,OECD.ELS.HD:DSD_HEALTH_PROT@DF_HEALTH_PROT(1.0),Healthcare coverage,I,FRA,France,A,Annual,HIC,Health insurance coverage,PT_POP,Percentage of population,TPRIBASI,Public and primary voluntary health insurance,2017,,99.9,,A,Normal value,0,Units,,
DATAFLOW,OECD.ELS.HD:DSD_HEALTH_PROT@DF_HEALTH_PROT(1.0),Healthcare coverage,I,LUX,Luxembourg,A,Annual,HIC,Health insurance coverage,PT_POP,Percentage of population,TPRIBASI,Public and primary voluntary health insurance,2017,,100,,A,Normal value,0,Units,,
DATAFLOW,OECD.ELS.HD:DSD_HEALTH_PROT@DF_HEALTH_PROT(1.0),Healthcare coverage,I,USA,United States,A,Annual,HIC,Health insurance coverage,PT_POP,Percentage of population,TPRIBASI,Public and primary voluntary health insurance,2015,,90.9,,A,Normal value,0,Units,,
DATAFLOW,OECD.ELS.HD:DSD_HEALTH_PROT@DF_HEALTH_PROT(1.0),Healthcare coverage,I,USA,United States,A,Annual,HIC,Health insurance coverage,PT_POP,Percentage of population,TPRIBASI,Public and primary voluntary health insurance,2016,,91.2,,A,Normal value,0,Units,,
DATAFLOW,OECD.ELS.HD:DSD_HEALTH_PROT@DF_HEALTH_PROT(1.0),Healthcare coverage,I,USA,United States,A,Annual,HIC,Health insurance coverage,PT_POP,Percentage of population,TPRIBASI,Public and primary voluntary health insurance,2017,,90.8,,A,Normal value,0,Units,,
DATAFLOW,OECD.ELS.HD:DSD_HEALTH_PROT@DF_HEALTH_PROT(1.0),Healthcare coverage,I,LTU,Lithuania,A,Annual,HIC,Health insurance coverage,PT_POP,Percentage of population,COVGCMED,Government/compulsory health insurance,2015,,92.4,,A,Normal value,0,Units,,
DATAFLOW,OECD.ELS.HD:DSD_HEALTH_PROT@DF_HEALTH_PROT(1.0),Healthcare coverage,I,LTU,Lithuania,A,Annual,HIC,Health insurance coverage,PT_POP,Percentage of population,COVGCMED,Government/compulsory health insurance,2016,,92.5,,A,Normal value,0,Units,,
DATAFLOW,OECD.ELS.HD:DSD_HEALTH_PROT@DF_HEALTH_PROT(1.0),Healthcare coverage,I,LTU,Lithuania,A,Annual,HIC,Health insurance coverage,PT_POP,Percentage of population,COVGCMED,Government/compulsory health insurance,2017,,93.9,,A,Normal value,0,Units,,
DATAFLOW,OECD.ELS.HD:DSD_HEALTH_PROT@DF_HEALTH_PROT(1.0),Healthcare coverage,I,POL,Poland,A,Annual,HIC,Health insurance coverage,PT_POP,Percentage of population,TPRIBASI,Public and primary voluntary health insurance,2015,,91,,A,Normal value,0,Units,,
DATAFLOW,OECD.ELS.HD:DSD_HEALTH_PROT@DF_HEALTH_PROT(1.0),Healthcare coverage,I,POL,Poland,A,Annual,HIC,Health insurance coverage,PT_POP,Percentage of population,TPRIBASI,Public and primary voluntary health insurance,2016,,91.5,,A,Normal value,0,Units,,
DATAFLOW,OECD.ELS.HD:DSD_HEALTH_PROT@DF_HEALTH_PROT(1.0),Healthcare coverage,I,POL,Poland,A,Annual,HIC,Health insurance coverage,PT_POP,Percentage of population,TPRIBASI,Public and primary voluntary health insurance,2017,,92.6,,A,Normal value,0,Units,,
DATAFLOW,OECD.ELS.HD:DSD_HEALTH_PROT@DF_HEALTH_PROT(1.0),Healthcare coverage,I,NOR,Norway,A,Annual,HIC,Health insurance coverage,PT_POP,Percentage of population,COVGCMED,Government/compulsory health insurance,2015,,100,,A,Normal value,0,Units,,
DATAFLOW,OECD.ELS.HD:DSD_HEALTH_PROT@DF_HEALTH_PROT(1.0),Healthcare coverage,I,NOR,Norway,A,Annual,HIC,Health insurance coverage,PT_POP,Percentage of population,COVGCMED,Government/compulsory health insurance,2016,,100,,A,Normal value,0,Units,,
DATAFLOW,OECD.ELS.HD:DSD_HEALTH_PROT@DF_HEALTH_PROT(1.0),Healthcare coverage,I,NOR,Norway,A,Annual,HIC,Health insurance coverage,PT_POP,Percentage of population,COVGCMED,Government/compulsory health insurance,2017,,100,,A,Normal value,0,Units,,
DATAFLOW,OECD.ELS.HD:DSD_HEALTH_PROT@DF_HEALTH_PROT(1.0),Healthcare coverage,I,EST,Estonia,A,Annual,HIC,Health insurance coverage,PT_POP,Percentage of population,TPRIBASI,Public and primary voluntary health insurance,2015,,94,,A,Normal value,0,Units,,
DATAFLOW,OECD.ELS.HD:DSD_HEALTH_PROT@DF_HEALTH_PROT(1.0),Healthcare coverage,I,EST,Estonia,A,Annual,HIC,Health insurance coverage,PT_POP,Percentage of population,TPRIBASI,Public and primary voluntary health insurance,2016,,94,,A,Normal value,0,Units,,
DATAFLOW,OECD.ELS.HD:DSD_HEALTH_PROT@DF_HEALTH_PROT(1.0),Healthcare coverage,I,EST,Estonia,A,Annual,HIC,Health insurance coverage,PT_POP,Percentage of population,TPRIBASI,Public and primary voluntary health insurance,2017,,94.1,,A,Normal value,0,Units,,
DATAFLOW,OECD.ELS.HD:DSD_HEALTH_PROT@DF_HEALTH_PROT(1.0),Healthcare coverage,I,DNK,Denmark,A,Annual,HIC,Health insurance coverage,PT_POP,Percentage of population,COVGCMED,Government/compulsory health insurance,2015,,100,,A,Normal value,0,Units,,
DATAFLOW,OECD.ELS.HD:DSD_HEALTH_PROT@DF_HEALTH_PROT(1.0),Healthcare coverage,I,DNK,Denmark,A,Annual,HIC,Health insurance coverage,PT_POP,Percentage of population,COVGCMED,Government/compulsory health insurance,2016,,100,,A,Normal value,0,Units,,
DATAFLOW,OECD.ELS.HD:DSD_HEALTH_PROT@DF_HEALTH_PROT(1.0),Healthcare coverage,I,DNK,Denmark,A,Annual,HIC,Health insurance coverage,PT_POP,Percentage of population,COVGCMED,Government/compulsory health insurance,2017,,100,,A,Normal value,0,Units,,
DATAFLOW,OECD.ELS.HD:DSD_HEALTH_PROT@DF_HEALTH_PROT(1.0),Healthcare coverage,I,HUN,Hungary,A,Annual,HIC,Health insurance coverage,PT_POP,Percentage of population,TPRIBASI,Public and primary voluntary health insurance,2015,,95,,E,Estimated value,0,Units,,
DATAFLOW,OECD.ELS.HD:DSD_HEALTH_PROT@DF_HEALTH_PROT(1.0),Healthcare coverage,I,HUN,Hungary,A,Annual,HIC,Health insurance coverage,PT_POP,Percentage of population,TPRIBASI,Public and primary voluntary health insurance,2016,,95,,E,Estimated value,0,Units,,
DATAFLOW,OECD.ELS.HD:DSD_HEALTH_PROT@DF_HEALTH_PROT(1.0),Healthcare coverage,I,HUN,Hungary,A,Annual,HIC,Health insurance coverage,PT_POP,Percentage of population,TPRIBASI,Public and primary voluntary health insurance,2017,,94,,E,Estimated value,0,Units,,
DATAFLOW,OECD.ELS.HD:DSD_HEALTH_PROT@DF_HEALTH_PROT(1.0),Healthcare coverage,I,LVA,Latvia,A,Annual,HIC,Health insurance coverage,PT_POP,Percentage of population,TPRIBASI,Public and primary voluntary health insurance,2017,,100,,E,Estimated value,0,Units,,
DATAFLOW,OECD.ELS.HD:DSD_HEALTH_PROT@DF_HEALTH_PROT(1.0),Healthcare coverage,I,POL,Poland,A,Annual,HIC,Health insurance coverage,PT_POP,Percentage of population,COVGCMED,Government/compulsory health insurance,2015,,91,,A,Normal value,0,Units,,
DATAFLOW,OECD.ELS.HD:DSD_HEALTH_PROT@DF_HEALTH_PROT(1.0),Healthcare coverage,I,POL,Poland,A,Annual,HIC,Health insurance coverage,PT_POP,Percentage of population,COVGCMED,Government/compulsory health insurance,2016,,91.5,,A,Normal value,0,Units,,
DATAFLOW,OECD.ELS.HD:DSD_HEALTH_PROT@DF_HEALTH_PROT(1.0),Healthcare coverage,I,POL,Poland,A,Annual,HIC,Health insurance coverage,PT_POP,Percentage of population,COVGCMED,Government/compulsory health insurance,2017,,92.6,,A,Normal value,0,Units,,
DATAFLOW,OECD.ELS.HD:DSD_HEALTH_PROT@DF_HEALTH_PROT(1.0),Healthcare coverage,I,TUR,Türkiye,A,Annual,HIC,Health insurance coverage,PT_POP,Percentage of population,COVGCMED,Government/compulsory health insurance,2015,,98.4,,A,Normal value,0,Units,,
DATAFLOW,OECD.ELS.HD:DSD_HEALTH_PROT@DF_HEALTH_PROT(1.0),Healthcare coverage,I,TUR,Türkiye,A,Annual,HIC,Health insurance coverage,PT_POP,Percentage of population,COVGCMED,Government/compulsory health insurance,2016,,98.2,,A,Normal value,0,Units,,
DATAFLOW,OECD.ELS.HD:DSD_HEALTH_PROT@DF_HEALTH_PROT(1.0),Healthcare coverage,I,TUR,Türkiye,A,Annual,HIC,Health insurance coverage,PT_POP,Percentage of population,COVGCMED,Government/compulsory health insurance,2017,,99.2,,A,Normal value,0,Units,,
DATAFLOW,OECD.ELS.HD:DSD_HEALTH_PROT@DF_HEALTH_PROT(1.0),Healthcare coverage,I,GRC,Greece,A,Annual,HIC,Health insurance coverage,PT_POP,Percentage of population,TPRIBASI,Public and primary voluntary health insurance,2016,,100,,A,Normal value,0,Units,,
DATAFLOW,OECD.ELS.HD:DSD_HEALTH_PROT@DF_HEALTH_PROT(1.0),Healthcare coverage,I,GRC,Greece,A,Annual,HIC,Health insurance coverage,PT_POP,Percentage of population,TPRIBASI,Public and primary voluntary health insurance,2017,,100,,A,Normal value,0,Units,,
DATAFLOW,OECD.ELS.HD:DSD_HEALTH_PROT@DF_HEALTH_PROT(1.0),Healthcare coverage,I,KOR,Korea,A,Annual,HIC,Health insurance coverage,PT_POP,Percentage of population,TPRIBASI,Public and primary voluntary health insurance,2015,,100,,A,Normal value,0,Units,,
DATAFLOW,OECD.ELS.HD:DSD_HEALTH_PROT@DF_HEALTH_PROT(1.0),Healthcare coverage,I,KOR,Korea,A,Annual,HIC,Health insurance coverage,PT_POP,Percentage of population,TPRIBASI,Public and primary voluntary health insurance,2016,,100,,A,Normal value,0,Units,,
DATAFLOW,OECD.ELS.HD:DSD_HEALTH_PROT@DF_HEALTH_PROT(1.0),Healthcare coverage,I,KOR,Korea,A,Annual,HIC,Health insurance coverage,PT_POP,Percentage of population,TPRIBASI,Public and primary voluntary health insurance,2017,,100,,A,Normal value,0,Units,,
DATAFLOW,OECD.ELS.HD:DSD_HEALTH_PROT@DF_HEALTH_PROT(1.0),Healthcare coverage,I,CRI,Costa Rica,A,Annual,HIC,Health insurance coverage,PT_POP,Percentage of population,TPRIBASI,Public and primary voluntary health insurance,2015,,94.9,,A,Normal value,0,Units,,
DATAFLOW,OECD.ELS.HD:DSD_HEALTH_PROT@DF_HEALTH_PROT(1.0),Healthcare coverage,I,CRI,Costa Rica,A,Annual,HIC,Health insurance coverage,PT_POP,Percentage of population,TPRIBASI,Public and primary voluntary health insurance,2016,,95,,A,Normal value,0,Units,,
DATAFLOW,OECD.ELS.HD:DSD_HEALTH_PROT@DF_HEALTH_PROT(1.0),Healthcare coverage,I,CRI,Costa Rica,A,Annual,HIC,Health insurance coverage,PT_POP,Percentage of population,TPRIBASI,Public and primary voluntary health insurance,2017,,95.4,,A,Normal value,0,Units,,
DATAFLOW,OECD.ELS.HD:DSD_HEALTH_PROT@DF_HEALTH_PROT(1.0),Healthcare coverage,I,AUS,Australia,A,Annual,HIC,Health insurance coverage,PT_POP,Percentage of population,TPRIBASI,Public and primary voluntary health insurance,2015,,100,,E,Estimated value,0,Units,,
DATAFLOW,OECD.ELS.HD:DSD_HEALTH_PROT@DF_HEALTH_PROT(1.0),Healthcare coverage,I,AUS,Australia,A,Annual,HIC,Health insurance coverage,PT_POP,Percentage of population,TPRIBASI,Public and primary voluntary health insurance,2016,,100,,E,Estimated value,0,Units,,
DATAFLOW,OECD.ELS.HD:DSD_HEALTH_PROT@DF_HEALTH_PROT(1.0),Healthcare coverage,I,AUS,Australia,A,Annual,HIC,Health insurance coverage,PT_POP,Percentage of population,TPRIBASI,Public and primary voluntary health insurance,2017,,100,,E,Estimated value,0,Units,,
DATAFLOW,OECD.ELS.HD:DSD_HEALTH_PROT@DF_HEALTH_PROT(1.0),Healthcare coverage,I,CZE,Czechia,A,Annual,HIC,Health insurance coverage,PT_POP,Percentage of population,TPRIBASI,Public and primary voluntary health insurance,2015,,100,,E,Estimated value,0,Units,,
DATAFLOW,OECD.ELS.HD:DSD_HEALTH_PROT@DF_HEALTH_PROT(1.0),Healthcare coverage,I,CZE,Czechia,A,Annual,HIC,Health insurance coverage,PT_POP,Percentage of population,TPRIBASI,Public and primary voluntary health insurance,2016,,100,,E,Estimated value,0,Units,,
DATAFLOW,OECD.ELS.HD:DSD_HEALTH_PROT@DF_HEALTH_PROT(1.0),Healthcare coverage,I,CZE,Czechia,A,Annual,HIC,Health insurance coverage,PT_POP,Percentage of population,TPRIBASI,Public and primary voluntary health insurance,2017,,100,,E,Estimated value,0,Units,,
DATAFLOW,OECD.ELS.HD:DSD_HEALTH_PROT@DF_HEALTH_PROT(1.0),Healthcare coverage,I,FRA,France,A,Annual,HIC,Health insurance coverage,PT_POP,Percentage of population,COVGCMED,Government/compulsory health insurance,2015,,99.9,,A,Normal value,0,Units,,
DATAFLOW,OECD.ELS.HD:DSD_HEALTH_PROT@DF_HEALTH_PROT(1.0),Healthcare coverage,I,FRA,France,A,Annual,HIC,Health insurance coverage,PT_POP,Percentage of population,COVGCMED,Government/compulsory health insurance,2016,,99.9,,A,Normal value,0,Units,,
DATAFLOW,OECD.ELS.HD:DSD_HEALTH_PROT@DF_HEALTH_PROT(1.0),Healthcare coverage,I,FRA,France,A,Annual,HIC,Health insurance coverage,PT_POP,Percentage of population,COVGCMED,Government/compulsory health insurance,2017,,99.9,,A,Normal value,0,Units,,
DATAFLOW,OECD.ELS.HD:DSD_HEALTH_PROT@DF_HEALTH_PROT(1.0),Healthcare coverage,I,CHL,Chile,A,Annual,HIC,Health insurance coverage,PT_POP,Percentage of population,COVGCMED,Government/compulsory health insurance,2015,,73.8,,A,Normal value,0,Units,,
DATAFLOW,OECD.ELS.HD:DSD_HEALTH_PROT@DF_HEALTH_PROT(1.0),Healthcare coverage,I,CHL,Chile,A,Annual,HIC,Health insurance coverage,PT_POP,Percentage of population,COVGCMED,Government/compulsory health insurance,2016,,75.5,,A,Normal value,0,Units,,
DATAFLOW,OECD.ELS.HD:DSD_HEALTH_PROT@DF_HEALTH_PROT(1.0),Healthcare coverage,I,CHL,Chile,A,Annual,HIC,Health insurance coverage,PT_POP,Percentage of population,COVGCMED,Government/compulsory health insurance,2017,,75.5,,A,Normal value,0,Units,,
DATAFLOW,OECD.ELS.HD:DSD_HEALTH_PROT@DF_HEALTH_PROT(1.0),Healthcare coverage,I,NOR,Norway,A,Annual,HIC,Health insurance coverage,PT_POP,Percentage of population,TPRIBASI,Public and primary voluntary health insurance,2015,,100,,A,Normal value,0,Units,,
DATAFLOW,OECD.ELS.HD:DSD_HEALTH_PROT@DF_HEALTH_PROT(1.0),Healthcare coverage,I,NOR,Norway,A,Annual,HIC,Health insurance coverage,PT_POP,Percentage of population,TPRIBASI,Public and primary voluntary health insurance,2016,,100,,A,Normal value,0,Units,,
DATAFLOW,OECD.ELS.HD:DSD_HEALTH_PROT@DF_HEALTH_PROT(1.0),Healthcare coverage,I,NOR,Norway,A,Annual,HIC,Health insurance coverage,PT_POP,Percentage of population,TPRIBASI,Public and primary voluntary health insurance,2017,,100,,A,Normal value,0,Units,,
DATAFLOW,OECD.ELS.HD:DSD_HEALTH_PROT@DF_HEALTH_PROT(1.0),Healthcare coverage,I,CHE,Switzerland,A,Annual,HIC,Health insurance coverage,PT_POP,Percentage of population,TPRIBASI,Public and primary voluntary health insurance,2015,,100,,A,Normal value,0,Units,,
DATAFLOW,OECD.ELS.HD:DSD_HEALTH_PROT@DF_HEALTH_PROT(1.0),Healthcare coverage,I,CHE,Switzerland,A,Annual,HIC,Health insurance coverage,PT_POP,Percentage of population,TPRIBASI,Public and primary voluntary health insurance,2016,,100,,A,Normal value,0,Units,,
DATAFLOW,OECD.ELS.HD:DSD_HEALTH_PROT@DF_HEALTH_PROT(1.0),Healthcare coverage,I,CHE,Switzerland,A,Annual,HIC,Health insurance coverage,PT_POP,Percentage of population,TPRIBASI,Public and primary voluntary health insurance,2017,,100,,A,Normal value,0,Units,,
DATAFLOW,OECD.ELS.HD:DSD_HEALTH_PROT@DF_HEALTH_PROT(1.0),Healthcare coverage,I,AUS,Australia,A,Annual,HIC,Health insurance coverage,PT_POP,Percentage of population,COVGCMED,Government/compulsory health insurance,2015,,100,,E,Estimated value,0,Units,,
DATAFLOW,OECD.ELS.HD:DSD_HEALTH_PROT@DF_HEALTH_PROT(1.0),Healthcare coverage,I,AUS,Australia,A,Annual,HIC,Health insurance coverage,PT_POP,Percentage of population,COVGCMED,Government/compulsory health insurance,2016,,100,,E,Estimated value,0,Units,,
DATAFLOW,OECD.ELS.HD:DSD_HEALTH_PROT@DF_HEALTH_PROT(1.0),Healthcare coverage,I,AUS,Australia,A,Annual,HIC,Health insurance coverage,PT_POP,Percentage of population,COVGCMED,Government/compulsory health insurance,2017,,100,,E,Estimated value,0,Units,,
DATAFLOW,OECD.ELS.HD:DSD_HEALTH_PROT@DF_HEALTH_PROT(1.0),Healthcare coverage,I,CZE,Czechia,A,Annual,HIC,Health insurance coverage,PT_POP,Percentage of population,COVGCMED,Government/compulsory health insurance,2015,,100,,A,Normal value,0,Units,,
DATAFLOW,OECD.ELS.HD:DSD_HEALTH_PROT@DF_HEALTH_PROT(1.0),Healthcare coverage,I,CZE,Czechia,A,Annual,HIC,Health insurance coverage,PT_POP,Percentage of population,COVGCMED,Government/compulsory health insurance,2016,,100,,A,Normal value,0,Units,,
DATAFLOW,OECD.ELS.HD:DSD_HEALTH_PROT@DF_HEALTH_PROT(1.0),Healthcare coverage,I,CZE,Czechia,A,Annual,HIC,Health insurance coverage,PT_POP,Percentage of population,COVGCMED,Government/compulsory health insurance,2017,,100,,A,Normal value,0,Units,,
DATAFLOW,OECD.ELS.HD:DSD_HEALTH_PROT@DF_HEALTH_PROT(1.0),Healthcare coverage,I,RUS,Russia,A,Annual,HIC,Health insurance coverage,PT_POP,Percentage of population,TPRIBASI,Public and primary voluntary health insurance,2015,,100,,A,Normal value,0,Units,,
DATAFLOW,OECD.ELS.HD:DSD_HEALTH_PROT@DF_HEALTH_PROT(1.0),Healthcare coverage,I,RUS,Russia,A,Annual,HIC,Health insurance coverage,PT_POP,Percentage of population,TPRIBASI,Public and primary voluntary health insurance,2016,,100,,A,Normal value,0,Units,,
DATAFLOW,OECD.ELS.HD:DSD_HEALTH_PROT@DF_HEALTH_PROT(1.0),Healthcare coverage,I,RUS,Russia,A,Annual,HIC,Health insurance coverage,PT_POP,Percentage of population,TPRIBASI,Public and primary voluntary health insurance,2017,,99.7,,A,Normal value,0,Units,,
DATAFLOW,OECD.ELS.HD:DSD_HEALTH_PROT@DF_HEALTH_PROT(1.0),Healthcare coverage,I,CAN,Canada,A,Annual,HIC,Health insurance coverage,PT_POP,Percentage of population,TPRIBASI,Public and primary voluntary health insurance,2015,,100,,A,Normal value,0,Units,,
DATAFLOW,OECD.ELS.HD:DSD_HEALTH_PROT@DF_HEALTH_PROT(1.0),Healthcare coverage,I,CAN,Canada,A,Annual,HIC,Health insurance coverage,PT_POP,Percentage of population,TPRIBASI,Public and primary voluntary health insurance,2016,,100,,A,Normal value,0,Units,,
DATAFLOW,OECD.ELS.HD:DSD_HEALTH_PROT@DF_HEALTH_PROT(1.0),Healthcare coverage,I,CAN,Canada,A,Annual,HIC,Health insurance coverage,PT_POP,Percentage of population,TPRIBASI,Public and primary voluntary health insurance,2017,,100,,A,Normal value,0,Units,,
DATAFLOW,OECD.ELS.HD:DSD_HEALTH_PROT@DF_HEALTH_PROT(1.0),Healthcare coverage,I,HUN,Hungary,A,Annual,HIC,Health insurance coverage,PT_POP,Percentage of population,COVGCMED,Government/compulsory health insurance,2015,,95,,A,Normal value,0,Units,,
DATAFLOW,OECD.ELS.HD:DSD_HEALTH_PROT@DF_HEALTH_PROT(1.0),Healthcare coverage,I,HUN,Hungary,A,Annual,HIC,Health insurance coverage,PT_POP,Percentage of population,COVGCMED,Government/compulsory health insurance,2016,,95,,A,Normal value,0,Units,,
DATAFLOW,OECD.ELS.HD:DSD_HEALTH_PROT@DF_HEALTH_PROT(1.0),Healthcare coverage,I,HUN,Hungary,A,Annual,HIC,Health insurance coverage,PT_POP,Percentage of population,COVGCMED,Government/compulsory health insurance,2017,,94,,A,Normal value,0,Units,,
DATAFLOW,OECD.ELS.HD:DSD_HEALTH_PROT@DF_HEALTH_PROT(1.0),Healthcare coverage,I,LVA,Latvia,A,Annual,HIC,Health insurance coverage,PT_POP,Percentage of population,COVGCMED,Government/compulsory health insurance,2017,,100,,E,Estimated value,0,Units,,
DATAFLOW,OECD.ELS.HD:DSD_HEALTH_PROT@DF_HEALTH_PROT(1.0),Healthcare coverage,I,BEL,Belgium,A,Annual,HIC,Health insurance coverage,PT_POP,Percentage of population,TPRIBASI,Public and primary voluntary health insurance,2015,,99,,A,Normal value,0,Units,,
DATAFLOW,OECD.ELS.HD:DSD_HEALTH_PROT@DF_HEALTH_PROT(1.0),Healthcare coverage,I,BEL,Belgium,A,Annual,HIC,Health insurance coverage,PT_POP,Percentage of population,TPRIBASI,Public and primary voluntary health insurance,2016,,99,,A,Normal value,0,Units,,
DATAFLOW,OECD.ELS.HD:DSD_HEALTH_PROT@DF_HEALTH_PROT(1.0),Healthcare coverage,I,BEL,Belgium,A,Annual,HIC,Health insurance coverage,PT_POP,Percentage of population,TPRIBASI,Public and primary voluntary health insurance,2017,,98.7,,A,Normal value,0,Units,,
DATAFLOW,OECD.ELS.HD:DSD_HEALTH_PROT@DF_HEALTH_PROT(1.0),Healthcare coverage,I,IRL,Ireland,A,Annual,HIC,Health insurance coverage,PT_POP,Percentage of population,COVGCMED,Government/compulsory health insurance,2015,,100,,A,Normal value,0,Units,,
DATAFLOW,OECD.ELS.HD:DSD_HEALTH_PROT@DF_HEALTH_PROT(1.0),Healthcare coverage,I,IRL,Ireland,A,Annual,HIC,Health insurance coverage,PT_POP,Percentage of population,COVGCMED,Government/compulsory health insurance,2016,,100,,A,Normal value,0,Units,,
DATAFLOW,OECD.ELS.HD:DSD_HEALTH_PROT@DF_HEALTH_PROT(1.0),Healthcare coverage,I,IRL,Ireland,A,Annual,HIC,Health insurance coverage,PT_POP,Percentage of population,COVGCMED,Government/compulsory health insurance,2017,,100,,A,Normal value,0,Units,,
DATAFLOW,OECD.ELS.HD:DSD_HEALTH_PROT@DF_HEALTH_PROT(1.0),Healthcare coverage,I,ISR,Israel,A,Annual,HIC,Health insurance coverage,PT_POP,Percentage of population,TPRIBASI,Public and primary voluntary health insurance,2015,,100,,A,Normal value,0,Units,,
DATAFLOW,OECD.ELS.HD:DSD_HEALTH_PROT@DF_HEALTH_PROT(1.0),Healthcare coverage,I,ISR,Israel,A,Annual,HIC,Health insurance coverage,PT_POP,Percentage of population,TPRIBASI,Public and primary voluntary health insurance,2016,,100,,A,Normal value,0,Units,,
DATAFLOW,OECD.ELS.HD:DSD_HEALTH_PROT@DF_HEALTH_PROT(1.0),Healthcare coverage,I,ISR,Israel,A,Annual,HIC,Health insurance coverage,PT_POP,Percentage of population,TPRIBASI,Public and primary voluntary health insurance,2017,,100,,A,Normal value,0,Units,,
DATAFLOW,OECD.ELS.HD:DSD_HEALTH_PROT@DF_HEALTH_PROT(1.0),Healthcare coverage,I,SVN,Slovenia,A,Annual,HIC,Health insurance coverage,PT_POP,Percentage of population,COVGCMED,Government/compulsory health insurance,2015,,100,,A,Normal value,0,Units,,
DATAFLOW,OECD.ELS.HD:DSD_HEALTH_PROT@DF_HEALTH_PROT(1.0),Healthcare coverage,I,SVN,Slovenia,A,Annual,HIC,Health insurance coverage,PT_POP,Percentage of population,COVGCMED,Government/compulsory health insurance,2016,,100,,A,Normal value,0,Units,,
DATAFLOW,OECD.ELS.HD:DSD_HEALTH_PROT@DF_HEALTH_PROT(1.0),Healthcare coverage,I,SVN,Slovenia,A,Annual,HIC,Health insurance coverage,PT_POP,Percentage of population,COVGCMED,Government/compulsory health insurance,2017,,100,,A,Normal value,0,Units,,
DATAFLOW,OECD.ELS.HD:DSD_HEALTH_PROT@DF_HEALTH_PROT(1.0),Healthcare coverage,I,ESP,Spain,A,Annual,HIC,Health insurance coverage,PT_POP,Percentage of population,COVGCMED,Government/compulsory health insurance,2017,,99,,A,Normal value,0,Units,,
DATAFLOW,OECD.ELS.HD:DSD_HEALTH_PROT@DF_HEALTH_PROT(1.0),Healthcare coverage,I,SVK,Slovak Republic,A,Annual,HIC,Health insurance coverage,PT_POP,Percentage of population,COVGCMED,Government/compulsory health insurance,2015,,93.8,,A,Normal value,0,Units,,
DATAFLOW,OECD.ELS.HD:DSD_HEALTH_PROT@DF_HEALTH_PROT(1.0),Healthcare coverage,I,SVK,Slovak Republic,A,Annual,HIC,Health insurance coverage,PT_POP,Percentage of population,COVGCMED,Government/compulsory health insurance,2016,,94.5,,A,Normal value,0,Units,,
DATAFLOW,OECD.ELS.HD:DSD_HEALTH_PROT@DF_HEALTH_PROT(1.0),Healthcare coverage,I,SVK,Slovak Republic,A,Annual,HIC,Health insurance coverage,PT_POP,Percentage of population,COVGCMED,Government/compulsory health insurance,2017,,94.6,,A,Normal value,0,Units,,
DATAFLOW,OECD.ELS.HD:DSD_HEALTH_PROT@DF_HEALTH_PROT(1.0),Healthcare coverage,I,SWE,Sweden,A,Annual,HIC,Health insurance coverage,PT_POP,Percentage of population,TPRIBASI,Public and primary voluntary health insurance,2015,,100,,A,Normal value,0,Units,,
DATAFLOW,OECD.ELS.HD:DSD_HEALTH_PROT@DF_HEALTH_PROT(1.0),Healthcare coverage,I,SWE,Sweden,A,Annual,HIC,Health insurance coverage,PT_POP,Percentage of population,TPRIBASI,Public and primary voluntary health insurance,2016,,100,,A,Normal value,0,Units,,
DATAFLOW,OECD.ELS.HD:DSD_HEALTH_PROT@DF_HEALTH_PROT(1.0),Healthcare coverage,I,SWE,Sweden,A,Annual,HIC,Health insurance coverage,PT_POP,Percentage of population,TPRIBASI,Public and primary voluntary health insurance,2017,,100,,A,Normal value,0,Units,,
DATAFLOW,OECD.ELS.HD:DSD_HEALTH_PROT@DF_HEALTH_PROT(1.0),Healthcare coverage,I,JPN,Japan,A,Annual,HIC,Health insurance coverage,PT_POP,Percentage of population,TPRIBASI,Public and primary voluntary health insurance,2015,,100,,A,Normal value,0,Units,,
DATAFLOW,OECD.ELS.HD:DSD_HEALTH_PROT@DF_HEALTH_PROT(1.0),Healthcare coverage,I,JPN,Japan,A,Annual,HIC,Health insurance coverage,PT_POP,Percentage of population,TPRIBASI,Public and primary voluntary health insurance,2016,,100,,A,Normal value,0,Units,,
DATAFLOW,OECD.ELS.HD:DSD_HEALTH_PROT@DF_HEALTH_PROT(1.0),Healthcare coverage,I,JPN,Japan,A,Annual,HIC,Health insurance coverage,PT_POP,Percentage of population,TPRIBASI,Public and primary voluntary health insurance,2017,,100,,A,Normal value,0,Units,,
DATAFLOW,OECD.ELS.HD:DSD_HEALTH_PROT@DF_HEALTH_PROT(1.0),Healthcare coverage,I,ITA,Italy,A,Annual,HIC,Health insurance coverage,PT_POP,Percentage of population,TPRIBASI,Public and primary voluntary health insurance,2015,,100,,A,Normal value,0,Units,,
DATAFLOW,OECD.ELS.HD:DSD_HEALTH_PROT@DF_HEALTH_PROT(1.0),Healthcare coverage,I,ITA,Italy,A,Annual,HIC,Health insurance coverage,PT_POP,Percentage of population,TPRIBASI,Public and primary voluntary health insurance,2016,,100,,A,Normal value,0,Units,,
DATAFLOW,OECD.ELS.HD:DSD_HEALTH_PROT@DF_HEALTH_PROT(1.0),Healthcare coverage,I,ITA,Italy,A,Annual,HIC,Health insurance coverage,PT_POP,Percentage of population,TPRIBASI,Public and primary voluntary health insurance,2017,,100,,A,Normal value,0,Units,,
DATAFLOW,OECD.ELS.HD:DSD_HEALTH_PROT@DF_HEALTH_PROT(1.0),Healthcare coverage,I,ESP,Spain,A,Annual,HIC,Health insurance coverage,PT_POP,Percentage of population,TPRIBASI,Public and primary voluntary health insurance,2017,,99.9,,A,Normal value,0,Units,,
DATAFLOW,OECD.ELS.HD:DSD_HEALTH_PROT@DF_HEALTH_PROT(1.0),Healthcare coverage,I,ISR,Israel,A,Annual,HIC,Health insurance coverage,PT_POP,Percentage of population,COVGCMED,Government/compulsory health insurance,2015,,100,,A,Normal value,0,Units,,
DATAFLOW,OECD.ELS.HD:DSD_HEALTH_PROT@DF_HEALTH_PROT(1.0),Healthcare coverage,I,ISR,Israel,A,Annual,HIC,Health insurance coverage,PT_POP,Percentage of population,COVGCMED,Government/compulsory health insurance,2016,,100,,A,Normal value,0,Units,,
DATAFLOW,OECD.ELS.HD:DSD_HEALTH_PROT@DF_HEALTH_PROT(1.0),Healthcare coverage,I,ISR,Israel,A,Annual,HIC,Health insurance coverage,PT_POP,Percentage of population,COVGCMED,Government/compulsory health insurance,2017,,100,,A,Normal value,0,Units,,
DATAFLOW,OECD.ELS.HD:DSD_HEALTH_PROT@DF_HEALTH_PROT(1.0),Healthcare coverage,I,SVN,Slovenia,A,Annual,HIC,Health insurance coverage,PT_POP,Percentage of population,TPRIBASI,Public and primary voluntary health insurance,2015,,100,,A,Normal value,0,Units,,
DATAFLOW,OECD.ELS.HD:DSD_HEALTH_PROT@DF_HEALTH_PROT(1.0),Healthcare coverage,I,SVN,Slovenia,A,Annual,HIC,Health insurance coverage,PT_POP,Percentage of population,TPRIBASI,Public and primary voluntary health insurance,2016,,100,,A,Normal value,0,Units,,
DATAFLOW,OECD.ELS.HD:DSD_HEALTH_PROT@DF_HEALTH_PROT(1.0),Healthcare coverage,I,SVN,Slovenia,A,Annual,HIC,Health insurance coverage,PT_POP,Percentage of population,TPRIBASI,Public and primary voluntary health insurance,2017,,100,,A,Normal value,0,Units,,
DATAFLOW,OECD.ELS.HD:DSD_HEALTH_PROT@DF_HEALTH_PROT(1.0),Healthcare coverage,I,ROU,Romania,A,Annual,HIC,Health insurance coverage,PT_POP,Percentage of population,TPRIBASI,Public and primary voluntary health insurance,2015,,86.7,,A,Normal value,0,Units,,
DATAFLOW,OECD.ELS.HD:DSD_HEALTH_PROT@DF_HEALTH_PROT(1.0),Healthcare coverage,I,ROU,Romania,A,Annual,HIC,Health insurance coverage,PT_POP,Percentage of population,TPRIBASI,Public and primary voluntary health insurance,2016,,86.9,,A,Normal value,0,Units,,
DATAFLOW,OECD.ELS.HD:DSD_HEALTH_PROT@DF_HEALTH_PROT(1.0),Healthcare coverage,I,ROU,Romania,A,Annual,HIC,Health insurance coverage,PT_POP,Percentage of population,TPRIBASI,Public and primary voluntary health insurance,2017,,85.3,,A,Normal value,0,Units,,
DATAFLOW,OECD.ELS.HD:DSD_HEALTH_PROT@DF_HEALTH_PROT(1.0),Healthcare coverage,I,SVK,Slovak Republic,A,Annual,HIC,Health insurance coverage,PT_POP,Percentage of population,TPRIBASI,Public and primary voluntary health insurance,2015,,93.8,,A,Normal value,0,Units,,
DATAFLOW,OECD.ELS.HD:DSD_HEALTH_PROT@DF_HEALTH_PROT(1.0),Healthcare coverage,I,SVK,Slovak Republic,A,Annual,HIC,Health insurance coverage,PT_POP,Percentage of population,TPRIBASI,Public and primary voluntary health insurance,2016,,94.5,,A,Normal value,0,Units,,
DATAFLOW,OECD.ELS.HD:DSD_HEALTH_PROT@DF_HEALTH_PROT(1.0),Healthcare coverage,I,SVK,Slovak Republic,A,Annual,HIC,Health insurance coverage,PT_POP,Percentage of population,TPRIBASI,Public and primary voluntary health insurance,2017,,94.6,,A,Normal value,0,Units,,
DATAFLOW,OECD.ELS.HD:DSD_HEALTH_PROT@DF_HEALTH_PROT(1.0),Healthcare coverage,I,PRT,Portugal,A,Annual,HIC,Health insurance coverage,PT_POP,Percentage of population,COVGCMED,Government/compulsory health insurance,2015,,100,,A,Normal value,0,Units,,
DATAFLOW,OECD.ELS.HD:DSD_HEALTH_PROT@DF_HEALTH_PROT(1.0),Healthcare coverage,I,PRT,Portugal,A,Annual,HIC,Health insurance coverage,PT_POP,Percentage of population,COVGCMED,Government/compulsory health insurance,2016,,100,,A,Normal value,0,Units,,
DATAFLOW,OECD.ELS.HD:DSD_HEALTH_PROT@DF_HEALTH_PROT(1.0),Healthcare coverage,I,PRT,Portugal,A,Annual,HIC,Health insurance coverage,PT_POP,Percentage of population,COVGCMED,Government/compulsory health insurance,2017,,100,,A,Normal value,0,Units,,
DATAFLOW,OECD.ELS.HD:DSD_HEALTH_PROT@DF_HEALTH_PROT(1.0),Healthcare coverage,I,CHL,Chile,A,Annual,HIC,Health insurance coverage,PT_POP,Percentage of population,TPRIBASI,Public and primary voluntary health insurance,2015,,92.6,,A,Normal value,0,Units,,
DATAFLOW,OECD.ELS.HD:DSD_HEALTH_PROT@DF_HEALTH_PROT(1.0),Healthcare coverage,I,CHL,Chile,A,Annual,HIC,Health insurance coverage,PT_POP,Percentage of population,TPRIBASI,Public and primary voluntary health insurance,2016,,94.2,,A,Normal value,0,Units,,
DATAFLOW,OECD.ELS.HD:DSD_HEALTH_PROT@DF_HEALTH_PROT(1.0),Healthcare coverage,I,CHL,Chile,A,Annual,HIC,Health insurance coverage,PT_POP,Percentage of population,TPRIBASI,Public and primary voluntary health insurance,2017,,94,,A,Normal value,0,Units,,
DATAFLOW,OECD.ELS.HD:DSD_HEALTH_PROT@DF_HEALTH_PROT(1.0),Healthcare coverage,I,CAN,Canada,A,Annual,HIC,Health insurance coverage,PT_POP,Percentage of population,COVGCMED,Government/compulsory health insurance,2015,,100,,A,Normal value,0,Units,,
DATAFLOW,OECD.ELS.HD:DSD_HEALTH_PROT@DF_HEALTH_PROT(1.0),Healthcare coverage,I,CAN,Canada,A,Annual,HIC,Health insurance coverage,PT_POP,Percentage of population,COVGCMED,Government/compulsory health insurance,2016,,100,,A,Normal value,0,Units,,
DATAFLOW,OECD.ELS.HD:DSD_HEALTH_PROT@DF_HEALTH_PROT(1.0),Healthcare coverage,I,CAN,Canada,A,Annual,HIC,Health insurance coverage,PT_POP,Percentage of population,COVGCMED,Government/compulsory health insurance,2017,,100,,A,Normal value,0,Units,,
DATAFLOW,OECD.ELS.HD:DSD_HEALTH_PROT@DF_HEALTH_PROT(1.0),Healthcare coverage,I,RUS,Russia,A,Annual,HIC,Health insurance coverage,PT_POP,Percentage of population,COVGCMED,Government/compulsory health insurance,2015,,100,,A,Normal value,0,Units,,
DATAFLOW,OECD.ELS.HD:DSD_HEALTH_PROT@DF_HEALTH_PROT(1.0),Healthcare coverage,I,RUS,Russia,A,Annual,HIC,Health insurance coverage,PT_POP,Percentage of population,COVGCMED,Government/compulsory health insurance,2016,,100,,A,Normal value,0,Units,,
DATAFLOW,OECD.ELS.HD:DSD_HEALTH_PROT@DF_HEALTH_PROT(1.0),Healthcare coverage,I,RUS,Russia,A,Annual,HIC,Health insurance coverage,PT_POP,Percentage of population,COVGCMED,Government/compulsory health insurance,2017,,99.7,,A,Normal value,0,Units,,
DATAFLOW,OECD.ELS.HD:DSD_HEALTH_PROT@DF_HEALTH_PROT(1.0),Healthcare coverage,I,ITA,Italy,A,Annual,HIC,Health insurance coverage,PT_POP,Percentage of population,COVGCMED,Government/compulsory health insurance,2015,,100,,A,Normal value,0,Units,,
DATAFLOW,OECD.ELS.HD:DSD_HEALTH_PROT@DF_HEALTH_PROT(1.0),Healthcare coverage,I,ITA,Italy,A,Annual,HIC,Health insurance coverage,PT_POP,Percentage of population,COVGCMED,Government/compulsory health insurance,2016,,100,,A,Normal value,0,Units,,
DATAFLOW,OECD.ELS.HD:DSD_HEALTH_PROT@DF_HEALTH_PROT(1.0),Healthcare coverage,I,ITA,Italy,A,Annual,HIC,Health insurance coverage,PT_POP,Percentage of population,COVGCMED,Government/compulsory health insurance,2017,,100,,A,Normal value,0,Units,,
DATAFLOW,OECD.ELS.HD:DSD_HEALTH_PROT@DF_HEALTH_PROT(1.0),Healthcare coverage,I,IRL,Ireland,A,Annual,HIC,Health insurance coverage,PT_POP,Percentage of population,TPRIBASI,Public and primary voluntary health insurance,2015,,100,,A,Normal value,0,Units,,
DATAFLOW,OECD.ELS.HD:DSD_HEALTH_PROT@DF_HEALTH_PROT(1.0),Healthcare coverage,I,IRL,Ireland,A,Annual,HIC,Health insurance coverage,PT_POP,Percentage of population,TPRIBASI,Public and primary voluntary health insurance,2016,,100,,A,Normal value,0,Units,,
DATAFLOW,OECD.ELS.HD:DSD_HEALTH_PROT@DF_HEALTH_PROT(1.0),Healthcare coverage,I,IRL,Ireland,A,Annual,HIC,Health insurance coverage,PT_POP,Percentage of population,TPRIBASI,Public and primary voluntary health insurance,2017,,100,,A,Normal value,0,Units,,
DATAFLOW,OECD.ELS.HD:DSD_HEALTH_PROT@DF_HEALTH_PROT(1.0),Healthcare coverage,I,TUR,Türkiye,A,Annual,HIC,Health insurance coverage,PT_POP,Percentage of population,TPRIBASI,Public and primary voluntary health insurance,2015,,98.4,,A,Normal value,0,Units,,
DATAFLOW,OECD.ELS.HD:DSD_HEALTH_PROT@DF_HEALTH_PROT(1.0),Healthcare coverage,I,TUR,Türkiye,A,Annual,HIC,Health insurance coverage,PT_POP,Percentage of population,TPRIBASI,Public and primary voluntary health insurance,2016,,98.2,,A,Normal value,0,Units,,
DATAFLOW,OECD.ELS.HD:DSD_HEALTH_PROT@DF_HEALTH_PROT(1.0),Healthcare coverage,I,TUR,Türkiye,A,Annual,HIC,Health insurance coverage,PT_POP,Percentage of population,TPRIBASI,Public and primary voluntary health insurance,2017,,99.2,,A,Normal value,0,Units,,
DATAFLOW,OECD.ELS.HD:DSD_HEALTH_PROT@DF_HEALTH_PROT(1.0),Healthcare coverage,I,CHE,Switzerland,A,Annual,HIC,Health insurance coverage,PT_POP,Percentage of population,COVGCMED,Government/compulsory health insurance,2015,,100,,A,Normal value,0,Units,,
DATAFLOW,OECD.ELS.HD:DSD_HEALTH_PROT@DF_HEALTH_PROT(1.0),Healthcare coverage,I,CHE,Switzerland,A,Annual,HIC,Health insurance coverage,PT_POP,Percentage of population,COVGCMED,Government/compulsory health insurance,2016,,100,,A,Normal value,0,Units,,
DATAFLOW,OECD.ELS.HD:DSD_HEALTH_PROT@DF_HEALTH_PROT(1.0),Healthcare coverage,I,CHE,Switzerland,A,Annual,HIC,Health insurance coverage,PT_POP,Percentage of population,COVGCMED,Government/compulsory health insurance,2017,,100,,A,Normal value,0,Units,,
DATAFLOW,OECD.ELS.HD:DSD_HEALTH_PROT@DF_HEALTH_PROT(1.0),Healthcare coverage,I,AUT,Austria,A,Annual,HIC,Health insurance coverage,PT_POP,Percentage of population,COVGCMED,Government/compulsory health insurance,2015,,99.9,,A,Normal value,0,Units,,
DATAFLOW,OECD.ELS.HD:DSD_HEALTH_PROT@DF_HEALTH_PROT(1.0),Healthcare coverage,I,AUT,Austria,A,Annual,HIC,Health insurance coverage,PT_POP,Percentage of population,COVGCMED,Government/compulsory health insurance,2016,,99.9,,A,Normal value,0,Units,,
DATAFLOW,OECD.ELS.HD:DSD_HEALTH_PROT@DF_HEALTH_PROT(1.0),Healthcare coverage,I,AUT,Austria,A,Annual,HIC,Health insurance coverage,PT_POP,Percentage of population,COVGCMED,Government/compulsory health insurance,2017,,99.9,,A,Normal value,0,Units,,
DATAFLOW,OECD.ELS.HD:DSD_HEALTH_PROT@DF_HEALTH_PROT(1.0),Healthcare coverage,I,ISL,Iceland,A,Annual,HIC,Health insurance coverage,PT_POP,Percentage of population,COVGCMED,Government/compulsory health insurance,2015,,99.7,,A,Normal value,0,Units,,
DATAFLOW,OECD.ELS.HD:DSD_HEALTH_PROT@DF_HEALTH_PROT(1.0),Healthcare coverage,I,ISL,Iceland,A,Annual,HIC,Health insurance coverage,PT_POP,Percentage of population,COVGCMED,Government/compulsory health insurance,2016,,99.6,,A,Normal value,0,Units,,
DATAFLOW,OECD.ELS.HD:DSD_HEALTH_PROT@DF_HEALTH_PROT(1.0),Healthcare coverage,I,ISL,Iceland,A,Annual,HIC,Health insurance coverage,PT_POP,Percentage of population,COVGCMED,Government/compulsory health insurance,2017,,99.5,,A,Normal value,0,Units,,
DATAFLOW,OECD.ELS.HD:DSD_HEALTH_PROT@DF_HEALTH_PROT(1.0),Healthcare coverage,I,GRC,Greece,A,Annual,HIC,Health insurance coverage,PT_POP,Percentage of population,COVGCMED,Government/compulsory health insurance,2016,,100,,A,Normal value,0,Units,,
DATAFLOW,OECD.ELS.HD:DSD_HEALTH_PROT@DF_HEALTH_PROT(1.0),Healthcare coverage,I,GRC,Greece,A,Annual,HIC,Health insurance coverage,PT_POP,Percentage of population,COVGCMED,Government/compulsory health insurance,2017,,100,,A,Normal value,0,Units,,
DATAFLOW,OECD.ELS.HD:DSD_HEALTH_PROT@DF_HEALTH_PROT(1.0),Healthcare coverage,I,GBR,United Kingdom,A,Annual,HIC,Health insurance coverage,PT_POP,Percentage of population,TPRIBASI,Public and primary voluntary health insurance,2015,,100,,A,Normal value,0,Units,,
DATAFLOW,OECD.ELS.HD:DSD_HEALTH_PROT@DF_HEALTH_PROT(1.0),Healthcare coverage,I,GBR,United Kingdom,A,Annual,HIC,Health insurance coverage,PT_POP,Percentage of population,TPRIBASI,Public and primary voluntary health insurance,2016,,100,,A,Normal value,0,Units,,
DATAFLOW,OECD.ELS.HD:DSD_HEALTH_PROT@DF_HEALTH_PROT(1.0),Healthcare coverage,I,GBR,United Kingdom,A,Annual,HIC,Health insurance coverage,PT_POP,Percentage of population,TPRIBASI,Public and primary voluntary health insurance,2017,,100,,A,Normal value,0,Units,,
DATAFLOW,OECD.ELS.HD:DSD_HEALTH_PROT@DF_HEALTH_PROT(1.0),Healthcare coverage,I,CRI,Costa Rica,A,Annual,HIC,Health insurance coverage,PT_POP,Percentage of population,COVGCMED,Government/compulsory health insurance,2015,,94.9,,A,Normal value,0,Units,,
DATAFLOW,OECD.ELS.HD:DSD_HEALTH_PROT@DF_HEALTH_PROT(1.0),Healthcare coverage,I,CRI,Costa Rica,A,Annual,HIC,Health insurance coverage,PT_POP,Percentage of population,COVGCMED,Government/compulsory health insurance,2016,,95,,A,Normal value,0,Units,,
DATAFLOW,OECD.ELS.HD:DSD_HEALTH_PROT@DF_HEALTH_PROT(1.0),Healthcare coverage,I,CRI,Costa Rica,A,Annual,HIC,Health insurance coverage,PT_POP,Percentage of population,COVGCMED,Government/compulsory health insurance,2017,,95.4,,A,Normal value,0,Units,,
DATAFLOW,OECD.ELS.HD:DSD_HEALTH_PROT@DF_HEALTH_PROT(1.0),Healthcare coverage,I,KOR,Korea,A,Annual,HIC,Health insurance coverage,PT_POP,Percentage of population,COVGCMED,Government/compulsory health insurance,2015,,100,,A,Normal value,0,Units,,
DATAFLOW,OECD.ELS.HD:DSD_HEALTH_PROT@DF_HEALTH_PROT(1.0),Healthcare coverage,I,KOR,Korea,A,Annual,HIC,Health insurance coverage,PT_POP,Percentage of population,COVGCMED,Government/compulsory health insurance,2016,,100,,A,Normal value,0,Units,,
DATAFLOW,OECD.ELS.HD:DSD_HEALTH_PROT@DF_HEALTH_PROT(1.0),Healthcare coverage,I,KOR,Korea,A,Annual,HIC,Health insurance coverage,PT_POP,Percentage of population,COVGCMED,Government/compulsory health insurance,2017,,100,,A,Normal value,0,Units,,
DATAFLOW,OECD.ELS.HD:DSD_HEALTH_PROT@DF_HEALTH_PROT(1.0),Healthcare coverage,I,DEU,Germany,A,Annual,HIC,Health insurance coverage,PT_POP,Percentage of population,COVGCMED,Government/compulsory health insurance,2015,,99.9,,A,Normal value,0,Units,,
DATAFLOW,OECD.ELS.HD:DSD_HEALTH_PROT@DF_HEALTH_PROT(1.0),Healthcare coverage,I,DEU,Germany,A,Annual,HIC,Health insurance coverage,PT_POP,Percentage of population,COVGCMED,Government/compulsory health insurance,2016,,99.9,,A,Normal value,0,Units,,
DATAFLOW,OECD.ELS.HD:DSD_HEALTH_PROT@DF_HEALTH_PROT(1.0),Healthcare coverage,I,DEU,Germany,A,Annual,HIC,Health insurance coverage,PT_POP,Percentage of population,COVGCMED,Government/compulsory health insurance,2017,,99.9,,A,Normal value,0,Units,,
DATAFLOW,OECD.ELS.HD:DSD_HEALTH_PROT@DF_HEALTH_PROT(1.0),Healthcare coverage,I,COL,Colombia,A,Annual,HIC,Health insurance coverage,PT_POP,Percentage of population,COVGCMED,Government/compulsory health insurance,2015,,97.6,,A,Normal value,0,Units,,
DATAFLOW,OECD.ELS.HD:DSD_HEALTH_PROT@DF_HEALTH_PROT(1.0),Healthcare coverage,I,COL,Colombia,A,Annual,HIC,Health insurance coverage,PT_POP,Percentage of population,COVGCMED,Government/compulsory health insurance,2016,,95.7,,A,Normal value,0,Units,,
DATAFLOW,OECD.ELS.HD:DSD_HEALTH_PROT@DF_HEALTH_PROT(1.0),Healthcare coverage,I,COL,Colombia,A,Annual,HIC,Health insurance coverage,PT_POP,Percentage of population,COVGCMED,Government/compulsory health insurance,2017,,94.9,,A,Normal value,0,Units,,
DATAFLOW,OECD.ELS.HD:DSD_HEALTH_PROT@DF_HEALTH_PROT(1.0),Healthcare coverage,I,GBR,United Kingdom,A,Annual,HIC,Health insurance coverage,PT_POP,Percentage of population,COVGCMED,Government/compulsory health insurance,2015,,100,,A,Normal value,0,Units,,
DATAFLOW,OECD.ELS.HD:DSD_HEALTH_PROT@DF_HEALTH_PROT(1.0),Healthcare coverage,I,GBR,United Kingdom,A,Annual,HIC,Health insurance coverage,PT_POP,Percentage of population,COVGCMED,Government/compulsory health insurance,2016,,100,,A,Normal value,0,Units,,
DATAFLOW,OECD.ELS.HD:DSD_HEALTH_PROT@DF_HEALTH_PROT(1.0),Healthcare coverage,I,GBR,United Kingdom,A,Annual,HIC,Health insurance coverage,PT_POP,Percentage of population,COVGCMED,Government/compulsory health insurance,2017,,100,,A,Normal value,0,Units,,
DATAFLOW,OECD.ELS.HD:DSD_HEALTH_PROT@DF_HEALTH_PROT(1.0),Healthcare coverage,I,NZL,New Zealand,A,Annual,HIC,Health insurance coverage,PT_POP,Percentage of population,COVGCMED,Government/compulsory health insurance,2015,,100,,A,Normal value,0,Units,,
DATAFLOW,OECD.ELS.HD:DSD_HEALTH_PROT@DF_HEALTH_PROT(1.0),Healthcare coverage,I,NZL,New Zealand,A,Annual,HIC,Health insurance coverage,PT_POP,Percentage of population,COVGCMED,Government/compulsory health insurance,2016,,100,,A,Normal value,0,Units,,
DATAFLOW,OECD.ELS.HD:DSD_HEALTH_PROT@DF_HEALTH_PROT(1.0),Healthcare coverage,I,NZL,New Zealand,A,Annual,HIC,Health insurance coverage,PT_POP,Percentage of population,COVGCMED,Government/compulsory health insurance,2017,,100,,A,Normal value,0,Units,,
DATAFLOW,OECD.ELS.HD:DSD_HEALTH_PROT@DF_HEALTH_PROT(1.0),Healthcare coverage,I,AUT,Austria,A,Annual,HIC,Health insurance coverage,PT_POP,Percentage of population,TPRIBASI,Public and primary voluntary health insurance,2015,,99.9,,A,Normal value,0,Units,,
DATAFLOW,OECD.ELS.HD:DSD_HEALTH_PROT@DF_HEALTH_PROT(1.0),Healthcare coverage,I,AUT,Austria,A,Annual,HIC,Health insurance coverage,PT_POP,Percentage of population,TPRIBASI,Public and primary voluntary health insurance,2016,,99.9,,A,Normal value,0,Units,,
DATAFLOW,OECD.ELS.HD:DSD_HEALTH_PROT@DF_HEALTH_PROT(1.0),Healthcare coverage,I,AUT,Austria,A,Annual,HIC,Health insurance coverage,PT_POP,Percentage of population,TPRIBASI,Public and primary voluntary health insurance,2017,,99.9,,A,Normal value,0,Units,,
DATAFLOW,OECD.ELS.HD:DSD_HEALTH_PROT@DF_HEALTH_PROT(1.0),Healthcare coverage,I,DNK,Denmark,A,Annual,HIC,Health insurance coverage,PT_POP,Percentage of population,TPRIBASI,Public and primary voluntary health insurance,2015,,100,,A,Normal value,0,Units,,
DATAFLOW,OECD.ELS.HD:DSD_HEALTH_PROT@DF_HEALTH_PROT(1.0),Healthcare coverage,I,DNK,Denmark,A,Annual,HIC,Health insurance coverage,PT_POP,Percentage of population,TPRIBASI,Public and primary voluntary health insurance,2016,,100,,A,Normal value,0,Units,,
DATAFLOW,OECD.ELS.HD:DSD_HEALTH_PROT@DF_HEALTH_PROT(1.0),Healthcare coverage,I,DNK,Denmark,A,Annual,HIC,Health insurance coverage,PT_POP,Percentage of population,TPRIBASI,Public and primary voluntary health insurance,2017,,100,,A,Normal value,0,Units,,
DATAFLOW,OECD.ELS.HD:DSD_HEALTH_PROT@DF_HEALTH_PROT(1.0),Healthcare coverage,I,ISL,Iceland,A,Annual,HIC,Health insurance coverage,PT_POP,Percentage of population,TPRIBASI,Public and primary voluntary health insurance,2015,,100,,A,Normal value,0,Units,,
DATAFLOW,OECD.ELS.HD:DSD_HEALTH_PROT@DF_HEALTH_PROT(1.0),Healthcare coverage,I,ISL,Iceland,A,Annual,HIC,Health insurance coverage,PT_POP,Percentage of population,TPRIBASI,Public and primary voluntary health insurance,2016,,100,,A,Normal value,0,Units,,
DATAFLOW,OECD.ELS.HD:DSD_HEALTH_PROT@DF_HEALTH_PROT(1.0),Healthcare coverage,I,ISL,Iceland,A,Annual,HIC,Health insurance coverage,PT_POP,Percentage of population,TPRIBASI,Public and primary voluntary health insurance,2017,,100,,A,Normal value,0,Units,,
DATAFLOW,OECD.ELS.HD:DSD_HEALTH_PROT@DF_HEALTH_PROT(1.0),Healthcare coverage,I,DEU,Germany,A,Annual,HIC,Health insurance coverage,PT_POP,Percentage of population,TPRIBASI,Public and primary voluntary health insurance,2015,,99.9,,A,Normal value,0,Units,,
DATAFLOW,OECD.ELS.HD:DSD_HEALTH_PROT@DF_HEALTH_PROT(1.0),Healthcare coverage,I,DEU,Germany,A,Annual,HIC,Health insurance coverage,PT_POP,Percentage of population,TPRIBASI,Public and primary voluntary health insurance,2016,,99.9,,A,Normal value,0,Units,,
DATAFLOW,OECD.ELS.HD:DSD_HEALTH_PROT@DF_HEALTH_PROT(1.0),Healthcare coverage,I,DEU,Germany,A,Annual,HIC,Health insurance coverage,PT_POP,Percentage of population,TPRIBASI,Public and primary voluntary health insurance,2017,,99.9,,A,Normal value,0,Units,,
DATAFLOW,OECD.ELS.HD:DSD_HEALTH_PROT@DF_HEALTH_PROT(1.0),Healthcare coverage,I,COL,Colombia,A,Annual,HIC,Health insurance coverage,PT_POP,Percentage of population,TPRIBASI,Public and primary voluntary health insurance,2015,,97.6,,A,Normal value,0,Units,,
DATAFLOW,OECD.ELS.HD:DSD_HEALTH_PROT@DF_HEALTH_PROT(1.0),Healthcare coverage,I,COL,Colombia,A,Annual,HIC,Health insurance coverage,PT_POP,Percentage of population,TPRIBASI,Public and primary voluntary health insurance,2016,,95.7,,A,Normal value,0,Units,,
DATAFLOW,OECD.ELS.HD:DSD_HEALTH_PROT@DF_HEALTH_PROT(1.0),Healthcare coverage,I,COL,Colombia,A,Annual,HIC,Health insurance coverage,PT_POP,Percentage of population,TPRIBASI,Public and primary voluntary health insurance,2017,,94.9,,A,Normal value,0,Units,,
DATAFLOW,OECD.ELS.HD:DSD_HEALTH_PROT@DF_HEALTH_PROT(1.0),Healthcare coverage,I,JPN,Japan,A,Annual,HIC,Health insurance coverage,PT_POP,Percentage of population,COVGCMED,Government/compulsory health insurance,2015,,100,,A,Normal value,0,Units,,
DATAFLOW,OECD.ELS.HD:DSD_HEALTH_PROT@DF_HEALTH_PROT(1.0),Healthcare coverage,I,JPN,Japan,A,Annual,HIC,Health insurance coverage,PT_POP,Percentage of population,COVGCMED,Government/compulsory health insurance,2016,,100,,A,Normal value,0,Units,,
DATAFLOW,OECD.ELS.HD:DSD_HEALTH_PROT@DF_HEALTH_PROT(1.0),Healthcare coverage,I,JPN,Japan,A,Annual,HIC,Health insurance coverage,PT_POP,Percentage of population,COVGCMED,Government/compulsory health insurance,2017,,100,,A,Normal value,0,Units,,
DATAFLOW,OECD.ELS.HD:DSD_HEALTH_PROT@DF_HEALTH_PROT(1.0),Healthcare coverage,I,SWE,Sweden,A,Annual,HIC,Health insurance coverage,PT_POP,Percentage of population,COVGCMED,Government/compulsory health insurance,2015,,100,,A,Normal value,0,Units,,
DATAFLOW,OECD.ELS.HD:DSD_HEALTH_PROT@DF_HEALTH_PROT(1.0),Healthcare coverage,I,SWE,Sweden,A,Annual,HIC,Health insurance coverage,PT_POP,Percentage of population,COVGCMED,Government/compulsory health insurance,2016,,100,,A,Normal value,0,Units,,
DATAFLOW,OECD.ELS.HD:DSD_HEALTH_PROT@DF_HEALTH_PROT(1.0),Healthcare coverage,I,SWE,Sweden,A,Annual,HIC,Health insurance coverage,PT_POP,Percentage of population,COVGCMED,Government/compulsory health insurance,2017,,100,,A,Normal value,0,Units,,
DATAFLOW,OECD.ELS.HD:DSD_HEALTH_PROT@DF_HEALTH_PROT(1.0),Healthcare coverage,I,ROU,Romania,A,Annual,HIC,Health insurance coverage,PT_POP,Percentage of population,COVGCMED,Government/compulsory health insurance,2015,,86.7,,A,Normal value,0,Units,,
DATAFLOW,OECD.ELS.HD:DSD_HEALTH_PROT@DF_HEALTH_PROT(1.0),Healthcare coverage,I,ROU,Romania,A,Annual,HIC,Health insurance coverage,PT_POP,Percentage of population,COVGCMED,Government/compulsory health insurance,2016,,86.9,,A,Normal value,0,Units,,
DATAFLOW,OECD.ELS.HD:DSD_HEALTH_PROT@DF_HEALTH_PROT(1.0),Healthcare coverage,I,ROU,Romania,A,Annual,HIC,Health insurance coverage,PT_POP,Percentage of population,COVGCMED,Government/compulsory health insurance,2017,,85.3,,A,Normal value,0,Units,,
DATAFLOW,OECD.ELS.HD:DSD_HEALTH_PROT@DF_HEALTH_PROT(1.0),Healthcare coverage,I,PRT,Portugal,A,Annual,HIC,Health insurance coverage,PT_POP,Percentage of population,TPRIBASI,Public and primary voluntary health insurance,2015,,100,,A,Normal value,0,Units,,
DATAFLOW,OECD.ELS.HD:DSD_HEALTH_PROT@DF_HEALTH_PROT(1.0),Healthcare coverage,I,PRT,Portugal,A,Annual,HIC,Health insurance coverage,PT_POP,Percentage of population,TPRIBASI,Public and primary voluntary health insurance,2016,,100,,A,Normal value,0,Units,,
DATAFLOW,OECD.ELS.HD:DSD_HEALTH_PROT@DF_HEALTH_PROT(1.0),Healthcare coverage,I,PRT,Portugal,A,Annual,HIC,Health insurance coverage,PT_POP,Percentage of population,TPRIBASI,Public and primary voluntary health insurance,2017,,100,,A,Normal value,0,Units,,
DATAFLOW,OECD.ELS.HD:DSD_HEALTH_PROT@DF_HEALTH_PROT(1.0),Healthcare coverage,I,BEL,Belgium,A,Annual,HIC,Health insurance coverage,PT_POP,Percentage of population,COVGCMED,Government/compulsory health insurance,2015,,99,,A,Normal value,0,Units,,
DATAFLOW,OECD.ELS.HD:DSD_HEALTH_PROT@DF_HEALTH_PROT(1.0),Healthcare coverage,I,BEL,Belgium,A,Annual,HIC,Health insurance coverage,PT_POP,Percentage of population,COVGCMED,Government/compulsory health insurance,2016,,99,,A,Normal value,0,Units,,
DATAFLOW,OECD.ELS.HD:DSD_HEALTH_PROT@DF_HEALTH_PROT(1.0),Healthcare coverage,I,BEL,Belgium,A,Annual,HIC,Health insurance coverage,PT_POP,Percentage of population,COVGCMED,Government/compulsory health insurance,2017,,98.7,,A,Normal value,0,Units,,
DATAFLOW,OECD.ELS.HD:DSD_HEALTH_PROT@DF_HEALTH_PROT(1.0),Healthcare coverage,I,LTU,Lithuania,A,Annual,HIC,Health insurance coverage,PT_POP,Percentage of population,TPRIBASI,Public and primary voluntary health insurance,2015,,92.4,,A,Normal value,0,Units,,
DATAFLOW,OECD.ELS.HD:DSD_HEALTH_PROT@DF_HEALTH_PROT(1.0),Healthcare coverage,I,LTU,Lithuania,A,Annual,HIC,Health insurance coverage,PT_POP,Percentage of population,TPRIBASI,Public and primary voluntary health insurance,2016,,92.5,,A,Normal value,0,Units,,
DATAFLOW,OECD.ELS.HD:DSD_HEALTH_PROT@DF_HEALTH_PROT(1.0),Healthcare coverage,I,LTU,Lithuania,A,Annual,HIC,Health insurance coverage,PT_POP,Percentage of population,TPRIBASI,Public and primary voluntary health insurance,2017,,93.9,,A,Normal value,0,Units,,
DATAFLOW,OECD.ELS.HD:DSD_HEALTH_PROT@DF_HEALTH_PROT(1.0),Healthcare coverage,I,BGR,Bulgaria,A,Annual,HIC,Health insurance coverage,PT_POP,Percentage of population,COVGCMED,Government/compulsory health insurance,2015,,88.6,,A,Normal value,0,Units,,
DATAFLOW,OECD.ELS.HD:DSD_HEALTH_PROT@DF_HEALTH_PROT(1.0),Healthcare coverage,I,BGR,Bulgaria,A,Annual,HIC,Health insurance coverage,PT_POP,Percentage of population,COVGCMED,Government/compulsory health insurance,2016,,87.8,,A,Normal value,0,Units,,
DATAFLOW,OECD.ELS.HD:DSD_HEALTH_PROT@DF_HEALTH_PROT(1.0),Healthcare coverage,I,BGR,Bulgaria,A,Annual,HIC,Health insurance coverage,PT_POP,Percentage of population,COVGCMED,Government/compulsory health insurance,2017,,88,,A,Normal value,0,Units,,
DATAFLOW,OECD.ELS.HD:DSD_HEALTH_PROT@DF_HEALTH_PROT(1.0),Healthcare coverage,I,BGR,Bulgaria,A,Annual,HIC,Health insurance coverage,PT_POP,Percentage of population,TPRIBASI,Public and primary voluntary health insurance,2015,,88.6,,A,Normal value,0,Units,,
DATAFLOW,OECD.ELS.HD:DSD_HEALTH_PROT@DF_HEALTH_PROT(1.0),Healthcare coverage,I,BGR,Bulgaria,A,Annual,HIC,Health insurance coverage,PT_POP,Percentage of population,TPRIBASI,Public and primary voluntary health insurance,2016,,87.8,,A,Normal value,0,Units,,
DATAFLOW,OECD.ELS.HD:DSD_HEALTH_PROT@DF_HEALTH_PROT(1.0),Healthcare coverage,I,BGR,Bulgaria,A,Annual,HIC,Health insurance coverage,PT_POP,Percentage of population,TPRIBASI,Public and primary voluntary health insurance,2017,,88,,A,Normal value,0,Units,,
